 nombre_local; direccion; codigo_postal; ciudad; clientes_mensuales; telefono; numero_empleados; numero_platos_menu
  sushi delicioso; Plaza de Espanya, 5471; 49330; Valencia; 689852; +34 666 390 456; 44; 6
  hamburgueseria tradicional; Calle Mayor, 61; 35785; Barcelona; 792639; +34 666 711 456; 99; 57
  falafel creativo; Plaza del Sol, 381; 64485; Madrid; 389098; +34 666 637 456; 32; 54
  pescado familiar; Plaza del Sol, 1901; 64902; Bilbao; 36836; +34 666 423 456; 98; 22
  pollo apetitoso; Paseo de Gracia, 1581; 24696; Alicante; 913591; +34 666 841 456; 38; 94
  calientes rico; Calle Mayor, 8211; 66031; Sevilla; 49317; +34 666 42 456; 57; 24
  ensaladas vegano; Plaza de Espanya, 5861; 10403; Bilbao; 167557; +34 666 642 456; 99; 34
  pescado delicioso; Calle Mayor, 291; 27827; Valencia; 469894; +34 666 274 456; 85; 40
  carne gourmet; Plaza de Espanya, 5641; 65639; Bilbao; 53727; +34 666 712 456; 100; 24
  dulces nutritivo; Plaza de Espanya, 8541; 41277; Alicante; 642196; +34 666 66 456; 73; 4
  sopas sano; Plaza del Sol, 9161; 17952; Madrid; 962387; +34 666 585 456; 52; 18
  veganos delicioso; Avenida de la Paz, 4051; 14955; Murcia; 502860; +34 666 758 456; 59; 70
  restaurante con encanto; Paseo de Gracia, 1101; 32664; Malaga; 602679; +34 666 764 456; 50; 95
  bebidas casero; Plaza de Espanya, 7451; 29284; Valencia; 722669; +34 666 576 456; 51; 71
  pasta familiar; Paseo de Gracia, 3971; 41019; Valencia; 385571; +34 666 827 456; 97; 92
  calientes sano; Plaza del Sol, 1281; 45992; Malaga; 269690; +34 666 954 456; 70; 5
  bebidas original; Paseo de Gracia, 2271; 61074; Sevilla; 13506; +34 666 152 456; 96; 13
  tacos familiar; Avenida de la Paz, 3421; 60683; Valencia; 100281; +34 666 747 456; 91; 84
  pescado con encanto; Calle Mayor, 91; 24197; Barcelona; 40222; +34 666 403 456; 83; 81
  verduras economico; Calle Mayor, 7551; 51744; Malaga; 950136; +34 666 448 456; 100; 9
  guisos innovador; Paseo de Gracia, 4621; 19653; Barcelona; 667237; +34 666 146 456; 88; 96
  pollo apetitoso; Paseo de Gracia, 3521; 10787; Bilbao; 986157; +34 666 502 456; 75; 71
  horneados seductor; Plaza del Sol, 2611; 43374; Alicante; 471451; +34 666 937 456; 32; 84
  restaurante con encanto; Plaza del Sol, 391; 49080; Bilbao; 528518; +34 666 173 456; 83; 79
  pollo sabroso; Plaza de Espanya, 1221; 13058; Murcia; 688473; +34 666 430 456; 53; 85
  bebidas exotico; Plaza del Sol, 6031; 54313; Bilbao; 449125; +34 666 996 456; 36; 73
  horneados sano; Avenida de la Paz, 5691; 25197; Madrid; 770633; +34 666 759 456; 8; 96
  sopas sabroso; Plaza de Espanya, 8931; 33757; Sevilla; 406442; +34 666 161 456; 6; 51
  restaurante gourmet; Plaza del Sol, 4821; 12037; Valencia; 109866; +34 666 156 456; 29; 86
  bebidas atractivo; Plaza del Sol, 4621; 43894; Murcia; 882066; +34 666 29 456; 91; 35
  horneados tradicional; Plaza del Sol, 971; 43819; Zaragoza; 787172; +34 666 719 456; 13; 20
  bar apetitoso; Avenida de la Paz, 4461; 33739; Bilbao; 17845; +34 666 679 456; 23; 10
  bebidas gourmet; Avenida de la Paz, 7401; 57840; Murcia; 897547; +34 666 697 456; 92; 78
  sopas tradicional; Plaza de Espanya, 6471; 66359; Sevilla; 928819; +34 666 372 456; 41; 76
  vegetarianos gourmet; Plaza de Espanya, 9181; 48256; Zaragoza; 729118; +34 666 978 456; 91; 35
  verduras delicioso; Calle Mayor, 1081; 25915; Murcia; 496597; +34 666 691 456; 88; 56
  restaurante delicioso; Calle Mayor, 7041; 36251; Sevilla; 540026; +34 666 504 456; 56; 31
  frutas vegetariano; Plaza de Espanya, 6011; 52943; Alicante; 147425; +34 666 482 456; 16; 49
  pasta fresco; Plaza del Sol, 731; 65905; Barcelona; 682995; +34 666 340 456; 72; 100
  pasta nutritivo; Plaza de Espanya, 1761; 58423; Malaga; 307364; +34 666 527 456; 95; 1
  sushi seductor; Paseo de Gracia, 7291; 40982; Sevilla; 649242; +34 666 225 456; 55; 32
  vegetarianos seductor; Avenida de la Paz, 991; 33427; Sevilla; 825622; +34 666 630 456; 93; 33
  cafeteria seductor; Plaza de Espanya, 9331; 45367; Barcelona; 679575; +34 666 998 456; 21; 42
  veganos delicioso; Plaza del Sol, 8041; 14952; Valencia; 984185; +34 666 228 456; 37; 34
  picantes innovador; Plaza de Espanya, 1111; 12185; Valencia; 568659; +34 666 8 456; 49; 40
  vegetarianos familiar; Paseo de Gracia, 1301; 42536; Alicante; 888369; +34 666 374 456; 86; 62
  pizzeria delicioso; Avenida de la Paz, 4351; 44607; Zaragoza; 2828; +34 666 718 456; 98; 99
  pollo seductor; Paseo de Gracia, 7011; 48200; Alicante; 894718; +34 666 807 456; 81; 31
  falafel con encanto; Plaza de Espanya, 9561; 20007; Barcelona; 853482; +34 666 972 456; 95; 67
  calientes casero; Plaza de Espanya, 3361; 50763; Madrid; 400268; +34 666 471 456; 1; 40
  pollo innovador; Paseo de Gracia, 2021; 50291; Sevilla; 452414; +34 666 555 456; 43; 80
  verduras rico; Calle Mayor, 1671; 45117; Murcia; 236906; +34 666 7 456; 51; 47
  pizzeria gourmet; Calle Mayor, 6921; 42565; Barcelona; 245208; +34 666 652 456; 82; 85
  ensaladas atractivo; Calle Mayor, 2051; 50237; Barcelona; 311351; +34 666 257 456; 14; 50
  sopas seductor; Plaza del Sol, 2091; 46851; Malaga; 317992; +34 666 471 456; 42; 45
  restaurante nutritivo; Calle Mayor, 8101; 11595; Alicante; 755149; +34 666 471 456; 87; 50
  falafel economico; Calle Mayor, 9181; 50975; Zaragoza; 848640; +34 666 538 456; 62; 26
  hamburgueseria rico; Plaza del Sol, 9281; 69767; Madrid; 92311; +34 666 943 456; 48; 64
  postres rico; Plaza del Sol, 8181; 28165; Barcelona; 75991; +34 666 684 456; 73; 35
  sushi atractivo; Paseo de Gracia, 2221; 51858; Madrid; 869020; +34 666 84 456; 56; 80
  pollo vegetariano; Calle Mayor, 3401; 27984; Madrid; 314207; +34 666 924 456; 14; 61
  guisos innovador; Paseo de Gracia, 6191; 12425; Valencia; 241901; +34 666 444 456; 35; 100
  cafeteria rico; Calle Mayor, 9851; 32232; Sevilla; 657794; +34 666 710 456; 54; 76
  fritas nutritivo; Avenida de la Paz, 5931; 59787; Murcia; 133275; +34 666 528 456; 18; 60
  pescado creativo; Plaza del Sol, 4801; 58874; Bilbao; 802888; +34 666 918 456; 56; 12
  frios familiar; Plaza del Sol, 5851; 28452; Zaragoza; 64813; +34 666 556 456; 72; 21
  calientes fresco; Avenida de la Paz, 2531; 12774; Bilbao; 471948; +34 666 119 456; 16; 37
  veganos innovador; Avenida de la Paz, 3451; 30675; Bilbao; 534263; +34 666 615 456; 96; 30
  pasta original; Paseo de Gracia, 4841; 36702; Malaga; 649717; +34 666 539 456; 78; 68
  vegetarianos fresco; Plaza del Sol, 9381; 27717; Malaga; 222853; +34 666 916 456; 60; 43
  pollo creativo; Plaza del Sol, 1941; 45482; Murcia; 104415; +34 666 515 456; 80; 34
  picantes vegetariano; Plaza del Sol, 1211; 21581; Sevilla; 665154; +34 666 722 456; 4; 39
  guisos sabroso; Plaza del Sol, 9291; 44581; Alicante; 713969; +34 666 632 456; 52; 51
  bar atractivo; Calle Mayor, 1841; 10773; Bilbao; 979952; +34 666 360 456; 24; 70
  hamburgueseria seductor; Calle Mayor, 1711; 55405; Zaragoza; 434188; +34 666 456 456; 62; 9
  hamburgueseria tentador; Paseo de Gracia, 3721; 51890; Valencia; 718731; +34 666 373 456; 11; 17
  hamburgueseria seductor; Calle Mayor, 3771; 46240; Barcelona; 665998; +34 666 371 456; 28; 38
  sushi atractivo; Calle Mayor, 8041; 66191; Zaragoza; 475592; +34 666 293 456; 35; 34
  bebidas sano; Calle Mayor, 3291; 20603; Zaragoza; 265450; +34 666 721 456; 60; 82
  picantes innovador; Calle Mayor, 5701; 36903; Madrid; 980827; +34 666 870 456; 25; 86
  pescado atractivo; Calle Mayor, 1251; 47832; Madrid; 534892; +34 666 218 456; 24; 77
  picantes vegano; Paseo de Gracia, 7161; 19190; Murcia; 621941; +34 666 377 456; 41; 71
  fritas original; Plaza de Espanya, 3061; 26976; Alicante; 265735; +34 666 670 456; 85; 32
  pollo gourmet; Plaza del Sol, 6691; 46833; Sevilla; 29904; +34 666 38 456; 69; 65
  ensaladas delicioso; Paseo de Gracia, 1671; 14243; Murcia; 107517; +34 666 559 456; 32; 79
  verduras atractivo; Plaza del Sol, 2011; 37001; Zaragoza; 118810; +34 666 896 456; 44; 51
  restaurante exquisito; Calle Mayor, 981; 53217; Madrid; 490866; +34 666 864 456; 30; 7
  vegetarianos rico; Plaza de Espanya, 5301; 19714; Alicante; 375089; +34 666 541 456; 67; 64
  tacos moderno; Avenida de la Paz, 3751; 30419; Valencia; 57298; +34 666 210 456; 79; 96
  sopas original; Paseo de Gracia, 2631; 19668; Valencia; 348870; +34 666 990 456; 53; 76
  tacos creativo; Avenida de la Paz, 771; 48932; Bilbao; 436207; +34 666 402 456; 69; 67
  horneados sabroso; Calle Mayor, 2761; 30461; Murcia; 88342; +34 666 592 456; 85; 23
  falafel casero; Calle Mayor, 661; 44300; Barcelona; 800126; +34 666 491 456; 87; 66
  sushi fresco; Calle Mayor, 7821; 23656; Murcia; 438956; +34 666 20 456; 75; 88
  calientes rico; Paseo de Gracia, 1121; 50721; Murcia; 691506; +34 666 30 456; 66; 92
  bar atractivo; Plaza del Sol, 5771; 67586; Madrid; 79612; +34 666 923 456; 3; 21
  frutas sano; Paseo de Gracia, 801; 64407; Zaragoza; 539149; +34 666 135 456; 78; 3
  restaurante con encanto; Plaza de Espanya, 7761; 26219; Bilbao; 325808; +34 666 803 456; 59; 4
  cafeteria gourmet; Paseo de Gracia, 6501; 59811; Valencia; 207048; +34 666 883 456; 86; 40
  hamburgueseria sabroso; Avenida de la Paz, 8281; 63764; Sevilla; 16079; +34 666 84 456; 89; 90
  horneados apetitoso; Calle Mayor, 1481; 63750; Valencia; 438394; +34 666 510 456; 49; 21
  frutas con encanto; Plaza de Espanya, 2701; 40854; Sevilla; 167977; +34 666 876 456; 78; 53
  postres apetitoso; Plaza de Espanya, 3581; 15991; Murcia; 882036; +34 666 972 456; 60; 57
  calientes moderno; Plaza del Sol, 1661; 64760; Sevilla; 585712; +34 666 974 456; 100; 15
  dulces original; Calle Mayor, 4741; 45219; Alicante; 765948; +34 666 451 456; 67; 38
  cafeteria economico; Plaza del Sol, 3251; 40857; Sevilla; 14713; +34 666 239 456; 62; 26
  frios diferente; Paseo de Gracia, 1641; 21507; Murcia; 740993; +34 666 735 456; 65; 26
  restaurante casero; Plaza de Espanya, 51; 25267; Murcia; 799727; +34 666 424 456; 77; 50
  postres rico; Plaza del Sol, 9721; 55990; Murcia; 486559; +34 666 550 456; 10; 10
  veganos sabroso; Calle Mayor, 9111; 22363; Barcelona; 879005; +34 666 240 456; 21; 71
  pasta sabroso; Paseo de Gracia, 311; 29956; Madrid; 433109; +34 666 189 456; 90; 6
  carne original; Plaza de Espanya, 9401; 17403; Zaragoza; 366335; +34 666 916 456; 30; 41
  tacos tentador; Calle Mayor, 1731; 33297; Valencia; 143132; +34 666 195 456; 21; 71
  ensaladas casero; Paseo de Gracia, 4521; 54028; Madrid; 798290; +34 666 16 456; 79; 97
  hamburgueseria original; Plaza del Sol, 5481; 69387; Barcelona; 111539; +34 666 251 456; 70; 72
  fritas diferente; Plaza del Sol, 2941; 40376; Malaga; 733319; +34 666 943 456; 70; 2
  tacos gourmet; Paseo de Gracia, 101; 53193; Barcelona; 646104; +34 666 894 456; 67; 19
  calientes vegetariano; Avenida de la Paz, 7261; 32403; Bilbao; 453690; +34 666 558 456; 70; 88
  carne delicioso; Avenida de la Paz, 3191; 28388; Sevilla; 524731; +34 666 907 456; 89; 11
  vegetarianos sabroso; Calle Mayor, 6601; 53606; Murcia; 502845; +34 666 224 456; 44; 50
  sopas atractivo; Plaza del Sol, 71; 14756; Madrid; 874022; +34 666 167 456; 51; 93
  pescado casero; Avenida de la Paz, 1291; 60653; Zaragoza; 824773; +34 666 531 456; 69; 58
  tacos creativo; Plaza del Sol, 8601; 24497; Zaragoza; 283598; +34 666 455 456; 31; 57
  horneados gourmet; Avenida de la Paz, 3931; 46647; Malaga; 839313; +34 666 145 456; 79; 21
  postres moderno; Plaza del Sol, 1151; 15758; Murcia; 382497; +34 666 11 456; 98; 69
  ensaladas apetitoso; Plaza del Sol, 3981; 53899; Murcia; 834320; +34 666 676 456; 44; 57
  verduras sano; Avenida de la Paz, 9921; 41644; Alicante; 309957; +34 666 330 456; 65; 38
  horneados economico; Avenida de la Paz, 6381; 27878; Zaragoza; 371255; +34 666 534 456; 7; 36
  restaurante seductor; Plaza del Sol, 8961; 34253; Bilbao; 790815; +34 666 366 456; 78; 65
  picantes exotico; Calle Mayor, 491; 22959; Valencia; 709234; +34 666 359 456; 35; 17
  ensaladas creativo; Plaza del Sol, 6611; 64628; Murcia; 630772; +34 666 173 456; 34; 16
  picantes sano; Plaza del Sol, 4761; 65957; Bilbao; 278802; +34 666 95 456; 86; 9
  veganos fresco; Plaza de Espanya, 1491; 18771; Barcelona; 769533; +34 666 627 456; 81; 6
  restaurante exquisito; Plaza del Sol, 1811; 55452; Alicante; 823221; +34 666 198 456; 87; 48
  bebidas original; Calle Mayor, 3631; 33965; Madrid; 515291; +34 666 480 456; 74; 25
  carne vegetariano; Avenida de la Paz, 3661; 65322; Zaragoza; 685795; +34 666 682 456; 97; 18
  fritas delicioso; Avenida de la Paz, 951; 65986; Valencia; 337980; +34 666 841 456; 85; 79
  veganos atractivo; Avenida de la Paz, 8231; 60564; Malaga; 486162; +34 666 673 456; 99; 26
  dulces vegano; Paseo de Gracia, 4821; 47199; Zaragoza; 455160; +34 666 792 456; 99; 34
  fritas sabroso; Plaza del Sol, 9151; 51965; Barcelona; 632183; +34 666 797 456; 16; 46
  veganos economico; Calle Mayor, 1191; 24575; Madrid; 495207; +34 666 819 456; 19; 42
  pizzeria sabroso; Avenida de la Paz, 9021; 58692; Alicante; 32242; +34 666 68 456; 39; 39
  veganos atractivo; Paseo de Gracia, 4761; 64858; Barcelona; 796040; +34 666 590 456; 53; 87
  pasta familiar; Paseo de Gracia, 6801; 52180; Zaragoza; 396834; +34 666 380 456; 42; 44
  frutas atractivo; Calle Mayor, 3651; 69720; Malaga; 313659; +34 666 699 456; 78; 89
  pizzeria atractivo; Plaza del Sol, 4451; 48806; Alicante; 361329; +34 666 333 456; 51; 89
  carne innovador; Plaza de Espanya, 5291; 27913; Bilbao; 513354; +34 666 948 456; 66; 82
  pasta nutritivo; Plaza de Espanya, 4051; 11682; Zaragoza; 59229; +34 666 742 456; 10; 20
  ensaladas vegetariano; Plaza del Sol, 3511; 69025; Alicante; 351331; +34 666 918 456; 51; 51
  carne moderno; Calle Mayor, 3711; 12777; Murcia; 420854; +34 666 34 456; 35; 89
  pollo delicioso; Calle Mayor, 7971; 37675; Sevilla; 292330; +34 666 359 456; 13; 57
  veganos vegano; Paseo de Gracia, 8411; 48604; Alicante; 722555; +34 666 436 456; 95; 3
  bar vegetariano; Plaza de Espanya, 6021; 50566; Bilbao; 131975; +34 666 221 456; 55; 75
  sopas delicioso; Calle Mayor, 1571; 28751; Alicante; 971872; +34 666 183 456; 62; 96
  frutas apetitoso; Plaza de Espanya, 9271; 34390; Malaga; 350610; +34 666 493 456; 54; 42
  frios fresco; Plaza del Sol, 3811; 29428; Sevilla; 47556; +34 666 155 456; 65; 49
  picantes casero; Plaza de Espanya, 2211; 39128; Alicante; 322458; +34 666 806 456; 68; 2
  sushi vegano; Calle Mayor, 5141; 46231; Sevilla; 872316; +34 666 652 456; 7; 30
  sopas nutritivo; Plaza de Espanya, 481; 45442; Madrid; 468499; +34 666 123 456; 85; 36
  fritas diferente; Paseo de Gracia, 861; 35786; Valencia; 731888; +34 666 488 456; 14; 11
  pizzeria sabroso; Plaza de Espanya, 7541; 56366; Bilbao; 929761; +34 666 371 456; 18; 70
  sopas tentador; Plaza de Espanya, 8411; 30812; Madrid; 297671; +34 666 884 456; 100; 67
  veganos atractivo; Paseo de Gracia, 1211; 18208; Madrid; 392316; +34 666 660 456; 56; 60
  pasta atractivo; Calle Mayor, 6731; 31213; Barcelona; 649393; +34 666 225 456; 24; 7
  postres nutritivo; Avenida de la Paz, 5001; 66072; Bilbao; 559269; +34 666 297 456; 74; 65
  dulces nutritivo; Paseo de Gracia, 2781; 29338; Bilbao; 423458; +34 666 327 456; 50; 48
  postres vegetariano; Calle Mayor, 5481; 31231; Barcelona; 155283; +34 666 658 456; 2; 72
  carne delicioso; Plaza del Sol, 4431; 41007; Barcelona; 713837; +34 666 434 456; 35; 41
  guisos casero; Avenida de la Paz, 631; 26996; Sevilla; 726501; +34 666 650 456; 29; 32
  salados familiar; Paseo de Gracia, 261; 49850; Murcia; 736391; +34 666 4 456; 15; 69
  pasta moderno; Paseo de Gracia, 8551; 25758; Madrid; 688343; +34 666 83 456; 50; 69
  frios vegetariano; Calle Mayor, 8361; 55382; Zaragoza; 646878; +34 666 170 456; 42; 94
  carne tradicional; Plaza del Sol, 8081; 15714; Sevilla; 662785; +34 666 850 456; 12; 17
  verduras con encanto; Plaza de Espanya, 3291; 66241; Madrid; 756014; +34 666 475 456; 95; 68
  bar fresco; Plaza del Sol, 6111; 16184; Malaga; 404674; +34 666 758 456; 22; 12
  bebidas delicioso; Calle Mayor, 4471; 43104; Murcia; 410047; +34 666 92 456; 51; 80
  sushi economico; Plaza de Espanya, 1611; 28297; Barcelona; 554822; +34 666 567 456; 97; 88
  hamburgueseria gourmet; Paseo de Gracia, 6921; 56273; Malaga; 91564; +34 666 889 456; 40; 17
  calientes vegano; Calle Mayor, 2591; 54580; Madrid; 391875; +34 666 757 456; 88; 71
  frutas sabroso; Paseo de Gracia, 3541; 63924; Barcelona; 371843; +34 666 838 456; 88; 90
  verduras nutritivo; Plaza del Sol, 6051; 10718; Malaga; 363023; +34 666 462 456; 67; 4
  cafeteria fresco; Calle Mayor, 3781; 38912; Barcelona; 770501; +34 666 175 456; 79; 19
  postres con encanto; Plaza del Sol, 9271; 46190; Zaragoza; 414317; +34 666 864 456; 32; 12
  pizzeria vegetariano; Calle Mayor, 4761; 52383; Barcelona; 951412; +34 666 970 456; 62; 15
  frutas gourmet; Paseo de Gracia, 2591; 32152; Bilbao; 942065; +34 666 781 456; 34; 55
  pasta sano; Plaza de Espanya, 4651; 63017; Madrid; 792101; +34 666 843 456; 47; 53
  ensaladas atractivo; Paseo de Gracia, 1581; 14629; Valencia; 91308; +34 666 886 456; 27; 9
  pescado delicioso; Paseo de Gracia, 4331; 23286; Alicante; 757072; +34 666 660 456; 34; 80
  dulces tradicional; Paseo de Gracia, 9921; 14463; Madrid; 808647; +34 666 456 456; 38; 11
  cafeteria exotico; Plaza del Sol, 3011; 31266; Murcia; 414293; +34 666 997 456; 22; 99
  carne original; Plaza del Sol, 7411; 17396; Barcelona; 603100; +34 666 857 456; 30; 43
  hamburgueseria economico; Avenida de la Paz, 4961; 55199; Bilbao; 218188; +34 666 633 456; 68; 9
  verduras innovador; Avenida de la Paz, 4981; 60268; Valencia; 519586; +34 666 682 456; 57; 53
  guisos innovador; Avenida de la Paz, 8211; 43669; Bilbao; 274297; +34 666 576 456; 6; 4
  cafeteria apetitoso; Plaza de Espanya, 711; 29147; Valencia; 976718; +34 666 997 456; 64; 9
  pescado familiar; Plaza de Espanya, 2821; 47277; Zaragoza; 909102; +34 666 86 456; 22; 7
  sushi nutritivo; Plaza del Sol, 831; 10027; Barcelona; 953297; +34 666 393 456; 21; 7
  frutas delicioso; Paseo de Gracia, 5201; 56238; Barcelona; 683357; +34 666 62 456; 36; 24
  horneados innovador; Calle Mayor, 1601; 26900; Zaragoza; 816283; +34 666 755 456; 82; 49
  restaurante tentador; Plaza de Espanya, 3731; 19162; Malaga; 160049; +34 666 403 456; 25; 97
  sushi delicioso; Plaza de Espanya, 1531; 19991; Malaga; 970404; +34 666 236 456; 92; 83
  frios creativo; Plaza del Sol, 3311; 45722; Sevilla; 577104; +34 666 573 456; 49; 97
  dulces rico; Avenida de la Paz, 4381; 27575; Zaragoza; 716428; +34 666 838 456; 75; 91
  frios fresco; Plaza de Espanya, 7281; 67129; Sevilla; 105533; +34 666 889 456; 13; 21
  cafeteria delicioso; Avenida de la Paz, 6651; 15801; Sevilla; 587300; +34 666 955 456; 67; 23
  fritas innovador; Paseo de Gracia, 1261; 38902; Alicante; 712907; +34 666 668 456; 35; 40
  postres exquisito; Paseo de Gracia, 2821; 31319; Madrid; 177117; +34 666 757 456; 37; 70
  salados familiar; Paseo de Gracia, 3421; 52139; Valencia; 73644; +34 666 965 456; 60; 48
  pizzeria diferente; Avenida de la Paz, 1431; 27959; Barcelona; 708070; +34 666 988 456; 53; 8
  carne moderno; Plaza del Sol, 91; 24144; Barcelona; 764156; +34 666 798 456; 89; 51
  hamburgueseria exotico; Plaza de Espanya, 9061; 58114; Alicante; 269560; +34 666 42 456; 33; 50
  guisos familiar; Plaza de Espanya, 2211; 30648; Sevilla; 225346; +34 666 428 456; 43; 13
  vegetarianos innovador; Calle Mayor, 5261; 32360; Malaga; 798831; +34 666 81 456; 27; 11
  frutas sano; Calle Mayor, 8531; 11547; Madrid; 420821; +34 666 649 456; 58; 66
  pescado apetitoso; Avenida de la Paz, 5201; 13792; Murcia; 850853; +34 666 515 456; 42; 29
  bar delicioso; Paseo de Gracia, 8361; 48420; Alicante; 206186; +34 666 281 456; 53; 48
  falafel sano; Plaza del Sol, 2571; 37022; Madrid; 586931; +34 666 180 456; 73; 43
  bar creativo; Calle Mayor, 7461; 64326; Zaragoza; 462440; +34 666 922 456; 98; 82
  horneados seductor; Plaza del Sol, 6311; 10039; Madrid; 814130; +34 666 841 456; 47; 62
  frutas innovador; Calle Mayor, 8841; 43891; Murcia; 142351; +34 666 283 456; 6; 94
  vegetarianos economico; Plaza del Sol, 2861; 59785; Murcia; 811573; +34 666 700 456; 30; 93
  salados apetitoso; Calle Mayor, 8101; 63431; Sevilla; 140213; +34 666 185 456; 60; 65
  sopas familiar; Avenida de la Paz, 7171; 62964; Madrid; 523034; +34 666 807 456; 59; 14
  carne gourmet; Plaza del Sol, 9961; 23984; Barcelona; 618246; +34 666 431 456; 19; 71
  guisos fresco; Plaza del Sol, 8991; 58502; Madrid; 573897; +34 666 702 456; 70; 12
  horneados vegetariano; Calle Mayor, 421; 29861; Barcelona; 270007; +34 666 587 456; 23; 72
  dulces fresco; Paseo de Gracia, 971; 12870; Sevilla; 252846; +34 666 832 456; 1; 19
  bebidas delicioso; Calle Mayor, 3561; 20869; Madrid; 682144; +34 666 386 456; 68; 13
  hamburgueseria familiar; Plaza de Espanya, 7211; 15352; Alicante; 273417; +34 666 80 456; 35; 65
  pescado con encanto; Paseo de Gracia, 2121; 42653; Barcelona; 676666; +34 666 7 456; 4; 84
  carne delicioso; Avenida de la Paz, 5911; 27122; Murcia; 875883; +34 666 223 456; 82; 8
  hamburgueseria nutritivo; Calle Mayor, 7171; 44946; Madrid; 491149; +34 666 60 456; 58; 72
  sushi creativo; Paseo de Gracia, 5651; 33539; Valencia; 173884; +34 666 557 456; 62; 13
  sopas tradicional; Plaza de Espanya, 6311; 22105; Bilbao; 250471; +34 666 898 456; 71; 97
  picantes gourmet; Paseo de Gracia, 5111; 17351; Malaga; 544925; +34 666 62 456; 47; 57
  guisos economico; Avenida de la Paz, 4391; 68647; Murcia; 425391; +34 666 308 456; 60; 22
  tacos exquisito; Calle Mayor, 1731; 23481; Alicante; 486820; +34 666 705 456; 93; 39
  guisos rico; Avenida de la Paz, 3441; 32998; Zaragoza; 775836; +34 666 398 456; 73; 3
  tacos exotico; Plaza de Espanya, 5531; 23192; Bilbao; 725644; +34 666 732 456; 17; 27
  cafeteria rico; Plaza del Sol, 6861; 38433; Alicante; 96361; +34 666 515 456; 64; 42
  frios casero; Avenida de la Paz, 461; 48566; Barcelona; 202; +34 666 861 456; 100; 87
  sopas atractivo; Avenida de la Paz, 3711; 26935; Madrid; 319936; +34 666 636 456; 90; 53
  vegetarianos delicioso; Plaza de Espanya, 9201; 41638; Zaragoza; 519880; +34 666 2 456; 86; 24
  calientes sano; Calle Mayor, 2481; 57272; Bilbao; 384575; +34 666 786 456; 76; 36
  vegetarianos apetitoso; Calle Mayor, 7641; 31454; Alicante; 622274; +34 666 147 456; 35; 7
  pasta exquisito; Paseo de Gracia, 1961; 55480; Sevilla; 820313; +34 666 122 456; 18; 8
  pasta vegetariano; Plaza de Espanya, 7311; 13957; Bilbao; 18914; +34 666 691 456; 16; 47
  dulces vegetariano; Plaza del Sol, 7921; 16996; Murcia; 914238; +34 666 740 456; 82; 29
  pescado seductor; Avenida de la Paz, 101; 45576; Zaragoza; 626411; +34 666 306 456; 20; 63
  pollo vegetariano; Plaza del Sol, 9411; 48983; Murcia; 140241; +34 666 226 456; 87; 75
  picantes vegetariano; Plaza de Espanya, 7631; 40753; Valencia; 60926; +34 666 276 456; 37; 86
  sushi exquisito; Calle Mayor, 4871; 65870; Barcelona; 659768; +34 666 816 456; 39; 32
  carne rico; Paseo de Gracia, 3011; 63925; Murcia; 464166; +34 666 529 456; 89; 82
  pollo fresco; Avenida de la Paz, 8941; 27909; Madrid; 10936; +34 666 145 456; 64; 29
  vegetarianos economico; Paseo de Gracia, 6391; 17875; Zaragoza; 28930; +34 666 765 456; 48; 68
  horneados nutritivo; Plaza de Espanya, 711; 69148; Barcelona; 373006; +34 666 843 456; 99; 69
  tacos vegetariano; Avenida de la Paz, 6551; 27482; Valencia; 747108; +34 666 417 456; 60; 4
  postres exotico; Paseo de Gracia, 3321; 44212; Madrid; 364433; +34 666 1 456; 10; 2
  pasta original; Calle Mayor, 3011; 56215; Madrid; 353943; +34 666 765 456; 73; 92
  frutas atractivo; Plaza del Sol, 3031; 37845; Valencia; 314899; +34 666 319 456; 61; 91
  falafel vegetariano; Paseo de Gracia, 1401; 44796; Valencia; 713553; +34 666 883 456; 25; 96
  frios nutritivo; Paseo de Gracia, 8451; 24331; Barcelona; 268325; +34 666 904 456; 63; 5
  hamburgueseria delicioso; Avenida de la Paz, 5051; 52217; Sevilla; 219009; +34 666 980 456; 25; 25
  postres apetitoso; Calle Mayor, 6691; 43726; Murcia; 845785; +34 666 253 456; 13; 52
  pescado sano; Calle Mayor, 4011; 30474; Madrid; 851157; +34 666 442 456; 25; 5
  cafeteria sabroso; Plaza del Sol, 1191; 66105; Barcelona; 277364; +34 666 175 456; 89; 49
  pescado nutritivo; Avenida de la Paz, 3261; 47879; Barcelona; 658856; +34 666 808 456; 17; 24
  frios gourmet; Paseo de Gracia, 8551; 32958; Madrid; 895795; +34 666 76 456; 91; 47
  dulces original; Avenida de la Paz, 2961; 26171; Sevilla; 416075; +34 666 109 456; 52; 59
  carne moderno; Plaza del Sol, 4971; 46498; Barcelona; 872852; +34 666 51 456; 84; 50
  pizzeria creativo; Avenida de la Paz, 9171; 59514; Malaga; 90843; +34 666 199 456; 15; 17
  pizzeria vegetariano; Calle Mayor, 9311; 49666; Sevilla; 871401; +34 666 47 456; 60; 49
  verduras familiar; Plaza de Espanya, 3131; 22729; Madrid; 308447; +34 666 911 456; 78; 85
  bebidas original; Calle Mayor, 9531; 39670; Zaragoza; 705427; +34 666 454 456; 44; 72
  verduras fresco; Plaza de Espanya, 121; 69382; Sevilla; 997258; +34 666 687 456; 32; 62
  postres seductor; Paseo de Gracia, 6631; 66372; Valencia; 105718; +34 666 328 456; 14; 87
  verduras moderno; Calle Mayor, 2801; 27670; Barcelona; 610958; +34 666 234 456; 7; 31
  pizzeria diferente; Paseo de Gracia, 141; 66755; Zaragoza; 10847; +34 666 739 456; 85; 2
  horneados exotico; Calle Mayor, 1951; 34767; Bilbao; 685372; +34 666 503 456; 58; 58
  frios gourmet; Plaza del Sol, 1701; 20120; Madrid; 156221; +34 666 471 456; 5; 74
  verduras rico; Plaza del Sol, 9031; 66681; Murcia; 528789; +34 666 83 456; 20; 4
  pizzeria moderno; Plaza del Sol, 2841; 60319; Sevilla; 437196; +34 666 586 456; 19; 34
  veganos economico; Calle Mayor, 2661; 43256; Malaga; 729741; +34 666 439 456; 80; 32
  verduras sabroso; Plaza del Sol, 4801; 35817; Valencia; 417512; +34 666 125 456; 100; 37
  verduras delicioso; Calle Mayor, 5301; 17510; Alicante; 183492; +34 666 254 456; 21; 68
  pizzeria con encanto; Calle Mayor, 5721; 64988; Sevilla; 641675; +34 666 310 456; 76; 77
  sopas rico; Calle Mayor, 6901; 35895; Bilbao; 872919; +34 666 716 456; 42; 43
  tacos rico; Paseo de Gracia, 4881; 35634; Malaga; 624688; +34 666 636 456; 4; 20
  guisos fresco; Avenida de la Paz, 9791; 39818; Bilbao; 784999; +34 666 901 456; 79; 59
  vegetarianos sano; Paseo de Gracia, 8641; 64566; Madrid; 815820; +34 666 570 456; 80; 30
  sopas tradicional; Avenida de la Paz, 2711; 51218; Barcelona; 67889; +34 666 829 456; 39; 4
  vegetarianos original; Avenida de la Paz, 8041; 52314; Madrid; 486501; +34 666 205 456; 70; 68
  pizzeria apetitoso; Avenida de la Paz, 3461; 68064; Zaragoza; 849653; +34 666 821 456; 18; 74
  carne atractivo; Paseo de Gracia, 3371; 64646; Sevilla; 264868; +34 666 406 456; 71; 54
  guisos original; Avenida de la Paz, 8761; 67837; Bilbao; 454681; +34 666 20 456; 13; 86
  pasta delicioso; Plaza de Espanya, 2161; 26486; Malaga; 21317; +34 666 445 456; 4; 95
  calientes apetitoso; Paseo de Gracia, 9801; 16436; Valencia; 555146; +34 666 467 456; 81; 96
  sushi exotico; Plaza de Espanya, 2631; 24555; Murcia; 661002; +34 666 89 456; 98; 42
  veganos moderno; Avenida de la Paz, 1951; 37951; Madrid; 371177; +34 666 22 456; 40; 68
  postres delicioso; Plaza del Sol, 961; 68335; Madrid; 667477; +34 666 153 456; 71; 10
  frios fresco; Plaza de Espanya, 7401; 27354; Murcia; 634392; +34 666 696 456; 74; 32
  tacos delicioso; Plaza de Espanya, 5601; 10192; Madrid; 57777; +34 666 568 456; 46; 85
  guisos tradicional; Calle Mayor, 5421; 26256; Alicante; 943839; +34 666 99 456; 60; 41
  frutas creativo; Plaza de Espanya, 7891; 27732; Barcelona; 289100; +34 666 82 456; 16; 80
  salados seductor; Calle Mayor, 5951; 61402; Malaga; 54434; +34 666 69 456; 44; 32
  pollo atractivo; Calle Mayor, 6361; 14936; Madrid; 989807; +34 666 155 456; 80; 31
  carne rico; Calle Mayor, 3961; 63872; Murcia; 572492; +34 666 616 456; 36; 96
  bebidas vegetariano; Paseo de Gracia, 4581; 40227; Valencia; 404127; +34 666 67 456; 81; 89
  pizzeria casero; Avenida de la Paz, 7081; 11090; Barcelona; 552635; +34 666 193 456; 25; 1
  hamburgueseria vegano; Calle Mayor, 2481; 39618; Valencia; 225592; +34 666 591 456; 100; 49
  bar rico; Calle Mayor, 5661; 19869; Alicante; 521747; +34 666 81 456; 16; 38
  falafel diferente; Paseo de Gracia, 6951; 47651; Alicante; 969757; +34 666 849 456; 37; 88
  hamburgueseria moderno; Avenida de la Paz, 8171; 33270; Sevilla; 105141; +34 666 930 456; 53; 48
  frutas delicioso; Avenida de la Paz, 2251; 46882; Sevilla; 254179; +34 666 725 456; 83; 90
  pizzeria gourmet; Calle Mayor, 1061; 10866; Malaga; 543236; +34 666 103 456; 16; 94
  veganos diferente; Paseo de Gracia, 7341; 12954; Malaga; 383318; +34 666 504 456; 89; 58
  restaurante nutritivo; Calle Mayor, 6951; 56971; Murcia; 640892; +34 666 582 456; 50; 80
  pollo moderno; Paseo de Gracia, 2731; 57131; Sevilla; 295673; +34 666 244 456; 71; 51
  picantes seductor; Plaza del Sol, 5371; 59606; Alicante; 380161; +34 666 82 456; 54; 55
  bebidas tradicional; Plaza del Sol, 1631; 26721; Sevilla; 789780; +34 666 783 456; 22; 98
  verduras familiar; Plaza de Espanya, 4271; 67629; Zaragoza; 194162; +34 666 947 456; 30; 12
  picantes seductor; Plaza del Sol, 6531; 25846; Murcia; 5370; +34 666 363 456; 97; 63
  verduras original; Avenida de la Paz, 8201; 22217; Alicante; 800048; +34 666 958 456; 61; 31
  ensaladas sabroso; Plaza de Espanya, 3591; 39641; Sevilla; 401232; +34 666 354 456; 51; 99
  bebidas fresco; Plaza del Sol, 8951; 16251; Alicante; 871398; +34 666 96 456; 16; 55
  dulces seductor; Avenida de la Paz, 4731; 24118; Barcelona; 859993; +34 666 759 456; 89; 23
  frutas casero; Plaza del Sol, 9001; 22791; Malaga; 551607; +34 666 858 456; 15; 27
  sushi innovador; Plaza de Espanya, 6421; 60040; Bilbao; 287626; +34 666 401 456; 87; 41
  tacos tradicional; Plaza del Sol, 951; 38344; Sevilla; 302279; +34 666 789 456; 78; 96
  restaurante delicioso; Paseo de Gracia, 1261; 57485; Alicante; 213243; +34 666 783 456; 46; 1
  veganos sabroso; Paseo de Gracia, 7721; 22834; Murcia; 791889; +34 666 82 456; 41; 13
  falafel creativo; Calle Mayor, 6061; 29989; Valencia; 694201; +34 666 405 456; 62; 27
  salados innovador; Calle Mayor, 711; 34084; Malaga; 868614; +34 666 280 456; 29; 28
  postres familiar; Paseo de Gracia, 3051; 47795; Valencia; 340027; +34 666 304 456; 14; 23
  salados rico; Plaza de Espanya, 2221; 18745; Zaragoza; 333886; +34 666 540 456; 57; 27
  picantes diferente; Avenida de la Paz, 651; 19645; Valencia; 840424; +34 666 105 456; 65; 62
  ensaladas exotico; Avenida de la Paz, 1701; 34417; Bilbao; 507800; +34 666 529 456; 93; 30
  guisos delicioso; Plaza de Espanya, 4581; 35484; Valencia; 120901; +34 666 177 456; 7; 91
  guisos apetitoso; Plaza de Espanya, 6821; 50489; Zaragoza; 368471; +34 666 143 456; 89; 80
  postres rico; Plaza de Espanya, 5531; 29275; Zaragoza; 758050; +34 666 71 456; 23; 55
  postres sabroso; Plaza de Espanya, 261; 28138; Murcia; 204999; +34 666 73 456; 84; 74
  postres exotico; Avenida de la Paz, 2171; 50277; Murcia; 4501; +34 666 30 456; 48; 13
  postres creativo; Avenida de la Paz, 1381; 55115; Malaga; 715445; +34 666 785 456; 93; 2
  vegetarianos casero; Paseo de Gracia, 991; 26995; Barcelona; 861388; +34 666 796 456; 4; 88
  fritas exquisito; Plaza del Sol, 7641; 64447; Zaragoza; 420336; +34 666 747 456; 66; 54
  calientes vegano; Avenida de la Paz, 1801; 38242; Bilbao; 370569; +34 666 819 456; 2; 8
  cafeteria apetitoso; Plaza de Espanya, 9571; 66411; Malaga; 840598; +34 666 742 456; 4; 33
  pescado sabroso; Plaza de Espanya, 4671; 31198; Murcia; 315658; +34 666 795 456; 6; 47
  pasta familiar; Calle Mayor, 6961; 13600; Alicante; 921983; +34 666 226 456; 97; 67
  pescado original; Plaza de Espanya, 3721; 26739; Valencia; 288091; +34 666 450 456; 94; 24
  pollo delicioso; Paseo de Gracia, 4701; 37626; Alicante; 899468; +34 666 902 456; 38; 92
  guisos innovador; Paseo de Gracia, 7291; 50489; Sevilla; 11989; +34 666 374 456; 30; 66
  pollo delicioso; Plaza del Sol, 6701; 54110; Madrid; 206361; +34 666 309 456; 26; 91
  veganos original; Plaza del Sol, 7431; 31174; Valencia; 144756; +34 666 349 456; 5; 56
  ensaladas gourmet; Avenida de la Paz, 441; 69834; Barcelona; 131245; +34 666 545 456; 42; 45
  sopas delicioso; Avenida de la Paz, 9311; 51563; Bilbao; 908991; +34 666 729 456; 88; 93
  cafeteria vegano; Plaza de Espanya, 5071; 62331; Alicante; 394173; +34 666 911 456; 94; 29
  pasta innovador; Plaza de Espanya, 5041; 63450; Madrid; 706289; +34 666 369 456; 51; 50
  restaurante creativo; Calle Mayor, 2211; 68252; Barcelona; 340673; +34 666 179 456; 51; 48
  falafel apetitoso; Plaza de Espanya, 9801; 54650; Madrid; 857259; +34 666 174 456; 68; 20
  veganos nutritivo; Plaza del Sol, 4941; 10923; Sevilla; 557379; +34 666 964 456; 68; 40
  sopas familiar; Plaza de Espanya, 3201; 25074; Barcelona; 625925; +34 666 451 456; 10; 57
  veganos exotico; Plaza de Espanya, 231; 44801; Zaragoza; 150077; +34 666 165 456; 35; 33
  dulces rico; Paseo de Gracia, 6731; 47221; Zaragoza; 117872; +34 666 758 456; 16; 19
  frios vegano; Plaza del Sol, 5151; 16451; Murcia; 77440; +34 666 594 456; 92; 26
  carne atractivo; Plaza de Espanya, 8451; 13844; Murcia; 460887; +34 666 815 456; 75; 68
  pollo delicioso; Plaza del Sol, 551; 37124; Malaga; 945239; +34 666 241 456; 36; 79
  bar gourmet; Plaza del Sol, 9991; 37870; Zaragoza; 204020; +34 666 76 456; 46; 22
  pasta original; Calle Mayor, 7541; 13038; Barcelona; 744034; +34 666 581 456; 75; 74
  sushi tentador; Plaza del Sol, 2671; 35180; Alicante; 466829; +34 666 78 456; 98; 79
  restaurante vegano; Plaza de Espanya, 671; 18748; Bilbao; 386872; +34 666 565 456; 3; 87
  falafel exquisito; Plaza de Espanya, 7171; 58745; Zaragoza; 438629; +34 666 344 456; 78; 72
  hamburgueseria fresco; Plaza del Sol, 7641; 42375; Valencia; 543225; +34 666 453 456; 60; 60
  pollo familiar; Plaza de Espanya, 5081; 69384; Alicante; 367995; +34 666 798 456; 24; 23
  postres original; Plaza de Espanya, 1461; 42342; Malaga; 787786; +34 666 679 456; 3; 99
  veganos con encanto; Calle Mayor, 851; 10021; Sevilla; 760804; +34 666 764 456; 47; 38
  calientes rico; Avenida de la Paz, 8491; 20353; Zaragoza; 901089; +34 666 79 456; 31; 12
  pasta vegetariano; Calle Mayor, 6661; 58138; Zaragoza; 955558; +34 666 279 456; 86; 72
  ensaladas fresco; Avenida de la Paz, 4211; 54349; Malaga; 847342; +34 666 736 456; 23; 77
  sushi sano; Paseo de Gracia, 7581; 52624; Zaragoza; 511098; +34 666 574 456; 34; 48
  bebidas innovador; Avenida de la Paz, 4221; 14342; Murcia; 186145; +34 666 393 456; 9; 1
  sopas gourmet; Plaza del Sol, 4991; 18673; Sevilla; 554393; +34 666 326 456; 16; 67
  hamburgueseria original; Avenida de la Paz, 8551; 67869; Barcelona; 42232; +34 666 941 456; 92; 73
  pizzeria con encanto; Plaza de Espanya, 9441; 13995; Barcelona; 331590; +34 666 691 456; 9; 81
  pizzeria sano; Avenida de la Paz, 7901; 65335; Barcelona; 315413; +34 666 393 456; 77; 40
  falafel economico; Paseo de Gracia, 8911; 39156; Zaragoza; 904785; +34 666 831 456; 45; 83
  ensaladas apetitoso; Paseo de Gracia, 4951; 64705; Barcelona; 398966; +34 666 560 456; 66; 39
  bebidas seductor; Calle Mayor, 6561; 10509; Madrid; 938274; +34 666 333 456; 96; 23
  falafel economico; Avenida de la Paz, 3361; 47201; Alicante; 276271; +34 666 756 456; 38; 85
  fritas rico; Plaza de Espanya, 3221; 20217; Alicante; 335230; +34 666 424 456; 49; 37
  vegetarianos nutritivo; Calle Mayor, 6471; 20592; Barcelona; 998419; +34 666 548 456; 96; 72
  hamburgueseria tentador; Plaza del Sol, 4331; 36411; Valencia; 410362; +34 666 716 456; 90; 83
  guisos delicioso; Avenida de la Paz, 8891; 51930; Zaragoza; 573958; +34 666 401 456; 100; 78
  sushi moderno; Plaza del Sol, 3201; 37043; Madrid; 101650; +34 666 878 456; 32; 23
  falafel creativo; Plaza del Sol, 4341; 34139; Malaga; 912354; +34 666 145 456; 28; 99
  horneados sano; Plaza del Sol, 6941; 34811; Alicante; 482505; +34 666 775 456; 33; 97
  pollo vegetariano; Avenida de la Paz, 5241; 27177; Malaga; 702241; +34 666 883 456; 38; 54
  calientes sano; Plaza del Sol, 7181; 44996; Alicante; 250449; +34 666 568 456; 31; 21
  ensaladas delicioso; Plaza del Sol, 1431; 31308; Murcia; 994066; +34 666 924 456; 54; 46
  postres exotico; Paseo de Gracia, 4121; 39518; Sevilla; 730890; +34 666 492 456; 38; 23
  ensaladas familiar; Plaza del Sol, 1481; 13248; Madrid; 984272; +34 666 918 456; 99; 7
  sushi nutritivo; Calle Mayor, 3661; 46302; Zaragoza; 780466; +34 666 647 456; 69; 57
  pescado fresco; Avenida de la Paz, 81; 21374; Murcia; 594562; +34 666 945 456; 39; 43
  fritas casero; Plaza del Sol, 7931; 20242; Bilbao; 215983; +34 666 882 456; 96; 67
  falafel rico; Avenida de la Paz, 1441; 62201; Barcelona; 221585; +34 666 982 456; 15; 78
  guisos apetitoso; Plaza del Sol, 3101; 33922; Zaragoza; 456470; +34 666 815 456; 46; 7
  sopas vegano; Avenida de la Paz, 7551; 49809; Valencia; 325279; +34 666 204 456; 81; 80
  salados sabroso; Calle Mayor, 4621; 24071; Bilbao; 840711; +34 666 826 456; 87; 26
  cafeteria delicioso; Calle Mayor, 1441; 68999; Murcia; 946691; +34 666 601 456; 15; 8
  fritas fresco; Calle Mayor, 5641; 38065; Malaga; 195340; +34 666 701 456; 51; 58
  pasta seductor; Calle Mayor, 3521; 15930; Sevilla; 615052; +34 666 434 456; 8; 86
  vegetarianos creativo; Paseo de Gracia, 5071; 58729; Valencia; 392002; +34 666 320 456; 43; 70
  verduras exotico; Avenida de la Paz, 7111; 29589; Madrid; 260630; +34 666 451 456; 1; 17
  pizzeria familiar; Avenida de la Paz, 3081; 49695; Alicante; 648766; +34 666 878 456; 70; 78
  pescado atractivo; Plaza de Espanya, 6501; 26983; Valencia; 1696; +34 666 187 456; 25; 33
  salados original; Paseo de Gracia, 3221; 63026; Madrid; 13525; +34 666 155 456; 78; 96
  frios delicioso; Plaza del Sol, 4291; 30967; Sevilla; 970218; +34 666 649 456; 64; 55
  fritas delicioso; Avenida de la Paz, 331; 45286; Madrid; 243110; +34 666 642 456; 87; 58
  pescado casero; Avenida de la Paz, 6911; 21397; Valencia; 95913; +34 666 927 456; 39; 35
  guisos atractivo; Paseo de Gracia, 5971; 18732; Zaragoza; 94664; +34 666 943 456; 81; 93
  vegetarianos delicioso; Paseo de Gracia, 6301; 54920; Alicante; 18304; +34 666 787 456; 99; 68
  fritas casero; Avenida de la Paz, 1681; 20812; Valencia; 807839; +34 666 576 456; 25; 62
  ensaladas apetitoso; Avenida de la Paz, 231; 49031; Barcelona; 71020; +34 666 239 456; 22; 3
  pizzeria tentador; Plaza del Sol, 8581; 30759; Bilbao; 34353; +34 666 784 456; 97; 34
  hamburgueseria con encanto; Plaza de Espanya, 9231; 42208; Bilbao; 963733; +34 666 953 456; 27; 73
  salados vegetariano; Calle Mayor, 3141; 41969; Murcia; 581370; +34 666 410 456; 3; 91
  bebidas original; Paseo de Gracia, 1321; 64645; Madrid; 894874; +34 666 365 456; 71; 84
  pasta sabroso; Avenida de la Paz, 1351; 26692; Bilbao; 425930; +34 666 996 456; 65; 36
  salados casero; Avenida de la Paz, 1081; 38663; Alicante; 142595; +34 666 855 456; 72; 46
  sushi vegano; Avenida de la Paz, 1081; 22196; Sevilla; 316071; +34 666 80 456; 27; 45
  bebidas innovador; Avenida de la Paz, 5721; 36489; Madrid; 171537; +34 666 5 456; 58; 67
  veganos fresco; Avenida de la Paz, 681; 57591; Bilbao; 482803; +34 666 362 456; 11; 56
  pollo rico; Calle Mayor, 851; 49766; Malaga; 171985; +34 666 956 456; 59; 69
  picantes sano; Calle Mayor, 5561; 29569; Barcelona; 989699; +34 666 248 456; 93; 10
  pollo exotico; Paseo de Gracia, 9431; 40342; Alicante; 429890; +34 666 274 456; 83; 37
  cafeteria delicioso; Plaza del Sol, 9311; 65855; Madrid; 41870; +34 666 285 456; 45; 88
  postres nutritivo; Plaza del Sol, 4231; 65736; Sevilla; 639054; +34 666 992 456; 12; 7
  guisos exquisito; Paseo de Gracia, 9301; 28583; Zaragoza; 701070; +34 666 615 456; 57; 73
  frios apetitoso; Plaza del Sol, 9461; 33649; Barcelona; 22778; +34 666 864 456; 69; 84
  bebidas innovador; Plaza del Sol, 6051; 41491; Malaga; 816288; +34 666 652 456; 22; 9
  pollo diferente; Plaza del Sol, 261; 27850; Sevilla; 755290; +34 666 727 456; 9; 92
  verduras gourmet; Plaza del Sol, 6531; 35078; Bilbao; 422312; +34 666 492 456; 92; 12
  fritas nutritivo; Calle Mayor, 6801; 29537; Malaga; 301318; +34 666 32 456; 3; 19
  hamburgueseria familiar; Paseo de Gracia, 2231; 56549; Zaragoza; 49222; +34 666 459 456; 90; 32
  salados delicioso; Paseo de Gracia, 1031; 44786; Barcelona; 206003; +34 666 351 456; 38; 23
  pasta delicioso; Calle Mayor, 501; 52174; Malaga; 874026; +34 666 404 456; 18; 72
  cafeteria delicioso; Avenida de la Paz, 661; 31172; Madrid; 208817; +34 666 319 456; 38; 70
  falafel atractivo; Avenida de la Paz, 8301; 52170; Malaga; 756035; +34 666 15 456; 21; 6
  ensaladas gourmet; Plaza de Espanya, 2161; 19537; Zaragoza; 102182; +34 666 119 456; 59; 1
  bebidas atractivo; Plaza de Espanya, 4281; 55475; Madrid; 274009; +34 666 849 456; 49; 79
  carne tentador; Calle Mayor, 5201; 23261; Zaragoza; 771927; +34 666 625 456; 28; 3
  vegetarianos con encanto; Avenida de la Paz, 9571; 29640; Alicante; 881208; +34 666 54 456; 17; 44
  frutas delicioso; Plaza de Espanya, 5121; 60548; Zaragoza; 474902; +34 666 362 456; 78; 43
  frutas seductor; Calle Mayor, 4741; 52502; Valencia; 945201; +34 666 930 456; 50; 80
  guisos fresco; Paseo de Gracia, 1581; 27204; Zaragoza; 950108; +34 666 556 456; 20; 41
  bar vegano; Avenida de la Paz, 8001; 47611; Madrid; 239033; +34 666 919 456; 73; 74
  veganos creativo; Plaza de Espanya, 401; 30455; Alicante; 180279; +34 666 776 456; 40; 48
  carne delicioso; Plaza de Espanya, 4811; 45114; Valencia; 312509; +34 666 800 456; 37; 91
  hamburgueseria familiar; Plaza del Sol, 4451; 35573; Bilbao; 80854; +34 666 866 456; 96; 34
  sopas vegetariano; Avenida de la Paz, 2151; 51023; Alicante; 760492; +34 666 595 456; 64; 46
  sushi vegano; Avenida de la Paz, 4641; 31462; Sevilla; 464407; +34 666 184 456; 26; 25
  bar rico; Calle Mayor, 9581; 56193; Sevilla; 221456; +34 666 262 456; 31; 74
  fritas exotico; Paseo de Gracia, 721; 19415; Barcelona; 761206; +34 666 736 456; 82; 39
  vegetarianos vegetariano; Paseo de Gracia, 2381; 15760; Zaragoza; 685878; +34 666 884 456; 68; 55
  bar atractivo; Paseo de Gracia, 6551; 13701; Madrid; 997121; +34 666 82 456; 92; 5
  sushi innovador; Calle Mayor, 4571; 64799; Alicante; 508124; +34 666 956 456; 78; 51
  carne delicioso; Paseo de Gracia, 1691; 62300; Alicante; 113516; +34 666 876 456; 35; 45
  restaurante delicioso; Plaza del Sol, 3481; 46539; Barcelona; 382643; +34 666 624 456; 51; 59
  tacos innovador; Avenida de la Paz, 6461; 21146; Alicante; 885253; +34 666 190 456; 86; 41
  falafel exquisito; Avenida de la Paz, 2321; 19229; Zaragoza; 374328; +34 666 485 456; 27; 50
  bebidas gourmet; Avenida de la Paz, 4991; 39654; Zaragoza; 366225; +34 666 825 456; 45; 2
  hamburgueseria apetitoso; Paseo de Gracia, 6881; 44335; Zaragoza; 316721; +34 666 173 456; 24; 29
  frios tradicional; Paseo de Gracia, 1261; 45375; Alicante; 681557; +34 666 217 456; 6; 67
  salados diferente; Avenida de la Paz, 4501; 55464; Murcia; 139270; +34 666 388 456; 91; 64
  pescado tradicional; Plaza del Sol, 5781; 23190; Alicante; 835191; +34 666 514 456; 15; 73
  sopas seductor; Plaza de Espanya, 7801; 64290; Malaga; 993294; +34 666 941 456; 26; 47
  hamburgueseria creativo; Paseo de Gracia, 6131; 59562; Murcia; 415676; +34 666 307 456; 41; 89
  cafeteria seductor; Plaza del Sol, 9531; 39066; Valencia; 258855; +34 666 835 456; 16; 50
  postres tentador; Calle Mayor, 7681; 41504; Valencia; 367390; +34 666 456 456; 95; 98
  calientes delicioso; Paseo de Gracia, 8501; 34737; Zaragoza; 253410; +34 666 696 456; 11; 27
  frios rico; Paseo de Gracia, 491; 11167; Zaragoza; 400344; +34 666 67 456; 15; 36
  pizzeria original; Avenida de la Paz, 2071; 34666; Madrid; 636375; +34 666 729 456; 44; 68
  tacos apetitoso; Plaza del Sol, 4631; 12590; Malaga; 638210; +34 666 731 456; 40; 68
  pasta nutritivo; Calle Mayor, 1121; 31655; Alicante; 455816; +34 666 24 456; 10; 42
  pizzeria seductor; Plaza del Sol, 1951; 61376; Barcelona; 166868; +34 666 894 456; 42; 95
  verduras con encanto; Calle Mayor, 1131; 16634; Bilbao; 708288; +34 666 823 456; 63; 75
  veganos exquisito; Plaza del Sol, 1071; 37863; Zaragoza; 497150; +34 666 246 456; 23; 3
  calientes diferente; Calle Mayor, 6801; 32749; Zaragoza; 800001; +34 666 386 456; 21; 95
  pizzeria creativo; Calle Mayor, 2981; 67826; Murcia; 260979; +34 666 345 456; 13; 60
  restaurante economico; Paseo de Gracia, 5121; 18395; Murcia; 989895; +34 666 206 456; 48; 64
  guisos con encanto; Avenida de la Paz, 641; 67472; Sevilla; 257177; +34 666 451 456; 32; 46
  bebidas original; Calle Mayor, 2901; 44485; Bilbao; 920779; +34 666 980 456; 25; 5
  carne delicioso; Paseo de Gracia, 751; 47105; Alicante; 329305; +34 666 311 456; 11; 18
  bar vegano; Paseo de Gracia, 5891; 42834; Sevilla; 182682; +34 666 234 456; 93; 84
  bar economico; Plaza de Espanya, 4811; 61606; Zaragoza; 826003; +34 666 621 456; 39; 90
  carne fresco; Paseo de Gracia, 2591; 12683; Zaragoza; 369833; +34 666 910 456; 31; 81
  dulces casero; Plaza de Espanya, 7191; 36155; Sevilla; 484581; +34 666 78 456; 81; 63
  salados diferente; Avenida de la Paz, 8381; 56841; Malaga; 754801; +34 666 613 456; 23; 41
  guisos creativo; Paseo de Gracia, 7101; 35047; Madrid; 537277; +34 666 821 456; 52; 16
  verduras casero; Avenida de la Paz, 6431; 63005; Bilbao; 230440; +34 666 127 456; 90; 50
  dulces delicioso; Paseo de Gracia, 6511; 16959; Madrid; 279934; +34 666 590 456; 38; 72
  tacos moderno; Plaza de Espanya, 8461; 44588; Alicante; 160927; +34 666 570 456; 77; 13
  cafeteria moderno; Calle Mayor, 3631; 25106; Murcia; 279885; +34 666 40 456; 15; 82
  sushi casero; Avenida de la Paz, 4521; 34556; Zaragoza; 960216; +34 666 538 456; 88; 73
  tacos familiar; Plaza de Espanya, 9491; 45868; Alicante; 644410; +34 666 217 456; 89; 6
  bebidas vegetariano; Paseo de Gracia, 1901; 66300; Madrid; 242848; +34 666 624 456; 2; 85
  sopas innovador; Plaza de Espanya, 1251; 21409; Bilbao; 660285; +34 666 317 456; 64; 9
  picantes familiar; Plaza de Espanya, 6661; 53920; Barcelona; 311272; +34 666 30 456; 26; 45
  fritas vegetariano; Plaza del Sol, 3901; 64605; Zaragoza; 621265; +34 666 978 456; 89; 58
  falafel familiar; Calle Mayor, 6641; 62678; Murcia; 459716; +34 666 667 456; 98; 9
  bar atractivo; Paseo de Gracia, 4251; 52876; Murcia; 313018; +34 666 119 456; 45; 95
  carne familiar; Paseo de Gracia, 1021; 42546; Sevilla; 996675; +34 666 774 456; 59; 69
  pollo atractivo; Avenida de la Paz, 3051; 43257; Barcelona; 98778; +34 666 806 456; 11; 59
  hamburgueseria familiar; Plaza de Espanya, 3231; 63407; Valencia; 815909; +34 666 378 456; 91; 96
  sushi sabroso; Avenida de la Paz, 6571; 35871; Malaga; 896509; +34 666 899 456; 64; 82
  bar vegano; Calle Mayor, 741; 34168; Barcelona; 91163; +34 666 670 456; 52; 88
  pizzeria con encanto; Plaza del Sol, 2611; 30960; Barcelona; 169901; +34 666 201 456; 15; 71
  pescado vegano; Avenida de la Paz, 311; 27588; Valencia; 339647; +34 666 234 456; 21; 61
  calientes innovador; Calle Mayor, 8111; 24907; Bilbao; 588059; +34 666 907 456; 6; 97
  restaurante apetitoso; Calle Mayor, 4761; 13819; Valencia; 309325; +34 666 177 456; 91; 70
  restaurante sano; Avenida de la Paz, 2061; 50496; Sevilla; 444273; +34 666 27 456; 74; 12
  guisos economico; Paseo de Gracia, 631; 33334; Malaga; 290495; +34 666 249 456; 33; 100
  pescado economico; Avenida de la Paz, 631; 11950; Murcia; 293569; +34 666 599 456; 1; 57
  frutas vegetariano; Plaza de Espanya, 6121; 16357; Valencia; 576258; +34 666 772 456; 12; 78
  picantes original; Plaza del Sol, 4321; 50628; Malaga; 304655; +34 666 937 456; 69; 49
  picantes sano; Plaza del Sol, 7991; 36815; Zaragoza; 519935; +34 666 760 456; 26; 73
  veganos exquisito; Paseo de Gracia, 1721; 33199; Valencia; 36571; +34 666 334 456; 98; 25
  carne sano; Paseo de Gracia, 331; 22279; Bilbao; 963960; +34 666 700 456; 98; 82
  dulces delicioso; Paseo de Gracia, 5401; 42328; Malaga; 284586; +34 666 480 456; 76; 70
  calientes vegano; Avenida de la Paz, 2981; 42130; Malaga; 813232; +34 666 133 456; 23; 26
  pollo economico; Calle Mayor, 6611; 24093; Alicante; 465461; +34 666 997 456; 19; 59
  frutas tentador; Plaza de Espanya, 6121; 29620; Bilbao; 603472; +34 666 998 456; 35; 26
  horneados familiar; Plaza de Espanya, 9681; 61170; Valencia; 79168; +34 666 37 456; 79; 22
  salados sano; Avenida de la Paz, 2201; 32086; Zaragoza; 194803; +34 666 261 456; 87; 71
  veganos delicioso; Avenida de la Paz, 7941; 50661; Murcia; 723170; +34 666 927 456; 96; 3
  ensaladas sano; Plaza de Espanya, 5431; 55371; Malaga; 865081; +34 666 123 456; 54; 46
  pasta con encanto; Plaza del Sol, 71; 37314; Zaragoza; 709907; +34 666 811 456; 10; 6
  restaurante atractivo; Calle Mayor, 8411; 35779; Barcelona; 364899; +34 666 268 456; 7; 25
  horneados diferente; Plaza del Sol, 9651; 41565; Murcia; 276226; +34 666 734 456; 42; 36
  ensaladas fresco; Paseo de Gracia, 2511; 63935; Sevilla; 338009; +34 666 47 456; 72; 36
  falafel creativo; Calle Mayor, 3221; 34473; Barcelona; 8134; +34 666 123 456; 6; 16
  dulces sano; Plaza de Espanya, 2571; 54730; Murcia; 637645; +34 666 685 456; 74; 31
  sopas sabroso; Plaza de Espanya, 3021; 49943; Murcia; 312416; +34 666 623 456; 60; 44
  restaurante vegetariano; Plaza de Espanya, 7551; 28730; Alicante; 794371; +34 666 832 456; 34; 4
  falafel rico; Avenida de la Paz, 6701; 68699; Bilbao; 921753; +34 666 820 456; 71; 32
  salados delicioso; Plaza del Sol, 2611; 53309; Barcelona; 713576; +34 666 557 456; 85; 36
  picantes exotico; Plaza de Espanya, 4561; 15493; Zaragoza; 114178; +34 666 614 456; 14; 89
  pescado familiar; Paseo de Gracia, 2101; 59641; Barcelona; 875979; +34 666 91 456; 92; 90
  sopas moderno; Plaza de Espanya, 2121; 58100; Valencia; 390651; +34 666 852 456; 89; 100
  tacos exotico; Paseo de Gracia, 1911; 25556; Alicante; 968329; +34 666 843 456; 34; 95
  sopas original; Plaza del Sol, 5551; 49420; Barcelona; 27891; +34 666 414 456; 99; 36
  tacos casero; Plaza de Espanya, 5391; 44489; Murcia; 77096; +34 666 53 456; 11; 55
  bebidas rico; Plaza de Espanya, 4751; 26504; Murcia; 40891; +34 666 182 456; 71; 85
  frios innovador; Plaza del Sol, 571; 32452; Madrid; 338627; +34 666 581 456; 26; 25
  sushi casero; Plaza de Espanya, 6931; 57077; Barcelona; 832839; +34 666 617 456; 94; 59
  veganos delicioso; Avenida de la Paz, 1461; 50152; Valencia; 317316; +34 666 592 456; 19; 33
  calientes tradicional; Avenida de la Paz, 5441; 18514; Sevilla; 967421; +34 666 569 456; 84; 12
  postres exotico; Plaza de Espanya, 9401; 66792; Malaga; 776637; +34 666 160 456; 32; 59
  horneados vegano; Avenida de la Paz, 7471; 34797; Zaragoza; 395586; +34 666 409 456; 12; 58
  vegetarianos delicioso; Paseo de Gracia, 5981; 42179; Madrid; 416023; +34 666 359 456; 75; 97
  falafel casero; Avenida de la Paz, 5281; 55372; Madrid; 112611; +34 666 327 456; 61; 91
  guisos diferente; Plaza de Espanya, 801; 61882; Madrid; 656275; +34 666 576 456; 85; 24
  verduras original; Paseo de Gracia, 7041; 31804; Bilbao; 648015; +34 666 592 456; 92; 41
  pescado economico; Paseo de Gracia, 181; 27136; Murcia; 979133; +34 666 818 456; 93; 96
  salados sabroso; Calle Mayor, 5041; 28382; Alicante; 471134; +34 666 946 456; 29; 21
  picantes creativo; Plaza del Sol, 1391; 44595; Madrid; 763173; +34 666 71 456; 10; 37
  falafel exotico; Calle Mayor, 2291; 21784; Sevilla; 338650; +34 666 639 456; 8; 89
  verduras creativo; Plaza del Sol, 3491; 37488; Alicante; 922242; +34 666 633 456; 77; 78
  veganos sano; Plaza de Espanya, 2471; 43718; Madrid; 223600; +34 666 371 456; 9; 15
  dulces fresco; Plaza del Sol, 2251; 42755; Valencia; 575091; +34 666 402 456; 47; 33
  sushi delicioso; Plaza de Espanya, 4521; 68927; Malaga; 906732; +34 666 92 456; 77; 52
  dulces exquisito; Plaza de Espanya, 7431; 67189; Bilbao; 898574; +34 666 779 456; 85; 65
  pizzeria diferente; Plaza de Espanya, 8231; 19184; Madrid; 92736; +34 666 132 456; 94; 97
  veganos exquisito; Plaza del Sol, 2541; 37846; Bilbao; 427549; +34 666 802 456; 39; 3
  picantes innovador; Avenida de la Paz, 5911; 27049; Sevilla; 911651; +34 666 352 456; 78; 14
  vegetarianos familiar; Plaza de Espanya, 4491; 35996; Barcelona; 856200; +34 666 561 456; 71; 93
  frutas moderno; Plaza de Espanya, 1441; 40823; Barcelona; 936650; +34 666 567 456; 99; 16
  picantes moderno; Paseo de Gracia, 8281; 20110; Murcia; 871374; +34 666 500 456; 24; 92
  bar delicioso; Plaza de Espanya, 4791; 12805; Bilbao; 906705; +34 666 935 456; 42; 79
  sushi tentador; Paseo de Gracia, 8711; 12936; Alicante; 840674; +34 666 714 456; 7; 92
  pescado original; Plaza de Espanya, 3781; 66252; Barcelona; 136330; +34 666 510 456; 93; 29
  restaurante familiar; Plaza de Espanya, 5461; 30428; Murcia; 644135; +34 666 479 456; 12; 99
  frutas sano; Plaza de Espanya, 7081; 32566; Murcia; 713890; +34 666 468 456; 62; 66
  pizzeria exotico; Avenida de la Paz, 1591; 64513; Valencia; 426147; +34 666 741 456; 89; 39
  fritas atractivo; Plaza del Sol, 7721; 32324; Sevilla; 350198; +34 666 620 456; 76; 69
  falafel rico; Plaza de Espanya, 5101; 17030; Valencia; 991335; +34 666 154 456; 25; 27
  pollo moderno; Paseo de Gracia, 8681; 66221; Bilbao; 993600; +34 666 888 456; 92; 9
  restaurante exquisito; Calle Mayor, 6191; 35201; Bilbao; 208915; +34 666 889 456; 97; 35
  frutas moderno; Avenida de la Paz, 1891; 51133; Sevilla; 875319; +34 666 259 456; 5; 18
  pescado tentador; Calle Mayor, 9441; 47852; Zaragoza; 838707; +34 666 102 456; 79; 71
  verduras exotico; Paseo de Gracia, 6671; 56886; Zaragoza; 12034; +34 666 825 456; 13; 12
  pizzeria atractivo; Calle Mayor, 4881; 24929; Malaga; 512512; +34 666 210 456; 88; 81
  pollo seductor; Plaza del Sol, 541; 16772; Alicante; 11380; +34 666 154 456; 74; 19
  sopas economico; Paseo de Gracia, 1851; 55554; Barcelona; 765694; +34 666 974 456; 57; 72
  picantes creativo; Plaza de Espanya, 4391; 31145; Barcelona; 910146; +34 666 544 456; 13; 80
  picantes con encanto; Calle Mayor, 8111; 54881; Sevilla; 521503; +34 666 553 456; 71; 97
  vegetarianos delicioso; Calle Mayor, 8491; 35710; Alicante; 690725; +34 666 231 456; 29; 22
  pescado delicioso; Avenida de la Paz, 6591; 46554; Valencia; 876492; +34 666 901 456; 41; 54
  carne sano; Paseo de Gracia, 6031; 26070; Barcelona; 698771; +34 666 422 456; 40; 100
  pizzeria rico; Paseo de Gracia, 4031; 27727; Sevilla; 73758; +34 666 871 456; 8; 92
  ensaladas diferente; Calle Mayor, 7421; 60211; Zaragoza; 785369; +34 666 625 456; 38; 5
  dulces vegetariano; Paseo de Gracia, 7021; 13068; Madrid; 946578; +34 666 609 456; 82; 70
  salados delicioso; Avenida de la Paz, 7021; 11051; Zaragoza; 462683; +34 666 556 456; 21; 21
  fritas fresco; Plaza de Espanya, 1421; 39081; Madrid; 240721; +34 666 117 456; 62; 55
  restaurante familiar; Paseo de Gracia, 2111; 51757; Sevilla; 51531; +34 666 9 456; 69; 54
  frios exquisito; Calle Mayor, 9941; 57912; Malaga; 507685; +34 666 673 456; 69; 50
  pescado creativo; Avenida de la Paz, 2661; 58312; Bilbao; 947340; +34 666 672 456; 78; 58
  frios tradicional; Calle Mayor, 981; 63586; Barcelona; 577249; +34 666 358 456; 6; 71
  verduras nutritivo; Paseo de Gracia, 9281; 30749; Barcelona; 939280; +34 666 504 456; 77; 80
  bar sabroso; Calle Mayor, 1431; 51580; Alicante; 345234; +34 666 106 456; 30; 55
  frutas apetitoso; Plaza de Espanya, 3151; 42613; Murcia; 241901; +34 666 316 456; 57; 61
  vegetarianos exquisito; Plaza de Espanya, 5131; 18121; Zaragoza; 203269; +34 666 670 456; 82; 19
  vegetarianos economico; Calle Mayor, 7491; 38796; Barcelona; 972276; +34 666 292 456; 84; 49
  carne moderno; Plaza de Espanya, 4341; 47380; Murcia; 408620; +34 666 554 456; 62; 16
  sushi apetitoso; Plaza de Espanya, 291; 35051; Alicante; 1012; +34 666 565 456; 21; 80
  cafeteria familiar; Plaza de Espanya, 7601; 33977; Valencia; 188792; +34 666 243 456; 49; 87
  horneados creativo; Paseo de Gracia, 6081; 12907; Valencia; 632446; +34 666 198 456; 71; 52
  sushi vegetariano; Plaza de Espanya, 2241; 32951; Malaga; 15622; +34 666 111 456; 22; 60
  tacos sabroso; Paseo de Gracia, 9311; 57400; Alicante; 230827; +34 666 582 456; 4; 53
  carne con encanto; Calle Mayor, 6721; 30067; Alicante; 307761; +34 666 346 456; 38; 83
  pizzeria moderno; Calle Mayor, 9811; 34774; Valencia; 767039; +34 666 754 456; 22; 93
  restaurante vegano; Paseo de Gracia, 2791; 55107; Zaragoza; 699560; +34 666 230 456; 80; 18
  pollo rico; Plaza del Sol, 6081; 56000; Barcelona; 617394; +34 666 313 456; 80; 73
  falafel rico; Avenida de la Paz, 3501; 39100; Bilbao; 172244; +34 666 555 456; 75; 65
  carne delicioso; Avenida de la Paz, 5931; 42547; Zaragoza; 638858; +34 666 733 456; 51; 5
  fritas familiar; Avenida de la Paz, 8841; 61809; Barcelona; 11452; +34 666 615 456; 23; 60
  sushi creativo; Avenida de la Paz, 731; 35262; Malaga; 506370; +34 666 359 456; 15; 93
  bar vegetariano; Avenida de la Paz, 3761; 28560; Bilbao; 130958; +34 666 992 456; 87; 25
  sopas moderno; Plaza del Sol, 8081; 17013; Alicante; 524567; +34 666 210 456; 99; 8
  guisos atractivo; Plaza de Espanya, 2541; 48399; Alicante; 676423; +34 666 279 456; 25; 100
  pizzeria seductor; Plaza del Sol, 1011; 22306; Sevilla; 369514; +34 666 7 456; 51; 2
  verduras vegetariano; Avenida de la Paz, 9071; 31426; Murcia; 102701; +34 666 385 456; 74; 69
  carne sano; Avenida de la Paz, 9631; 66210; Murcia; 943625; +34 666 432 456; 32; 79
  fritas innovador; Avenida de la Paz, 1761; 34750; Alicante; 402661; +34 666 939 456; 63; 58
  pollo creativo; Avenida de la Paz, 7591; 51239; Madrid; 922520; +34 666 348 456; 66; 3
  picantes sabroso; Avenida de la Paz, 4101; 28596; Malaga; 452055; +34 666 247 456; 62; 65
  dulces diferente; Avenida de la Paz, 1811; 36982; Barcelona; 342801; +34 666 41 456; 24; 57
  pizzeria tentador; Avenida de la Paz, 9821; 15119; Bilbao; 136397; +34 666 672 456; 56; 69
  picantes atractivo; Plaza de Espanya, 2391; 32920; Malaga; 928326; +34 666 417 456; 15; 36
  falafel economico; Plaza de Espanya, 6211; 27280; Valencia; 39885; +34 666 363 456; 22; 14
  restaurante casero; Avenida de la Paz, 1691; 34037; Barcelona; 249552; +34 666 435 456; 82; 3
  dulces exquisito; Avenida de la Paz, 5481; 42198; Malaga; 433430; +34 666 244 456; 49; 43
  bar original; Paseo de Gracia, 6501; 63507; Zaragoza; 444165; +34 666 544 456; 92; 55
  dulces sabroso; Paseo de Gracia, 9611; 40083; Sevilla; 417708; +34 666 12 456; 69; 9
  tacos nutritivo; Avenida de la Paz, 5281; 32428; Alicante; 95246; +34 666 993 456; 4; 6
  guisos apetitoso; Plaza de Espanya, 6361; 41098; Malaga; 192535; +34 666 262 456; 50; 57
  hamburgueseria exotico; Calle Mayor, 3531; 54087; Murcia; 695142; +34 666 200 456; 14; 77
  tacos exotico; Calle Mayor, 7821; 62573; Valencia; 500686; +34 666 981 456; 24; 95
  pollo atractivo; Paseo de Gracia, 5861; 39015; Valencia; 967789; +34 666 915 456; 86; 68
  salados vegetariano; Plaza de Espanya, 6051; 62384; Valencia; 406820; +34 666 182 456; 40; 15
  bebidas sano; Calle Mayor, 1841; 61299; Barcelona; 429532; +34 666 287 456; 82; 9
  bar delicioso; Calle Mayor, 6751; 59834; Alicante; 651650; +34 666 384 456; 20; 40
  restaurante familiar; Avenida de la Paz, 2411; 28805; Barcelona; 834688; +34 666 353 456; 28; 18
  dulces exotico; Plaza de Espanya, 3421; 51393; Barcelona; 232890; +34 666 510 456; 86; 94
  hamburgueseria con encanto; Plaza del Sol, 4531; 21369; Sevilla; 857907; +34 666 330 456; 87; 15
  bebidas sano; Paseo de Gracia, 6011; 63640; Bilbao; 169677; +34 666 482 456; 61; 8
  restaurante gourmet; Plaza de Espanya, 3401; 12814; Madrid; 529238; +34 666 10 456; 61; 75
  cafeteria sabroso; Plaza de Espanya, 5351; 36022; Bilbao; 469302; +34 666 473 456; 49; 15
  verduras vegano; Calle Mayor, 5841; 58943; Malaga; 548806; +34 666 346 456; 91; 26
  picantes tentador; Avenida de la Paz, 5201; 40725; Sevilla; 380660; +34 666 561 456; 29; 4
  falafel economico; Plaza del Sol, 951; 35554; Bilbao; 632781; +34 666 161 456; 48; 55
  pollo original; Calle Mayor, 8371; 50077; Zaragoza; 692501; +34 666 119 456; 94; 47
  sopas con encanto; Plaza del Sol, 9171; 65841; Malaga; 685031; +34 666 574 456; 34; 73
  cafeteria vegano; Paseo de Gracia, 3931; 23015; Murcia; 243469; +34 666 495 456; 17; 54
  ensaladas casero; Plaza de Espanya, 3861; 18266; Murcia; 545368; +34 666 687 456; 15; 29
  postres exquisito; Avenida de la Paz, 2231; 43977; Alicante; 205985; +34 666 494 456; 53; 76
